title,selling_price,MRP,discount,rating,reviews,availability,url,scrape_datetime,review_text
boAt Bassheads 100 in Ear Wired Earphones with Mic(Black),299,999.00,70,4.1,413859,In stock,https://www.amazon.in/boAt-BassHeads-100-Headphones-Black/dp/B071Z8M4KX/ref=sr_1_1?crid=23H19CC51YB96&dib=eyJ2IjoiMSJ9.HJAFnU3SJw9bn5ayGoOABykwnRqwV5UWaoC0Q4CwKIJH9F9VcRW-QdN_bhlzxwv4ve4tZ4G1zQSU44nEDjFuRO9MePXZRwbi7h3G7fsQRmM7PE6xdG0sq3vpxy5ceyEsIzuY2NbpYsuWAZtv4UraXqrBzMFbSdeEzzcbf7JFWs2sVMXEYiMK8GgYd3TCcLEKPFy69BP2VNR7Et2yYa_dTaJgcxhl6N4kmxTArBUto0w._gMvO5k5W66g1asQK5xNhBO6hcDNLtL5ZOxA0_eHOa0&dib_tag=se&keywords=earphones&qid=1738079175&sr=8-1,2025-01-28 15:46:22,"I recently bought the boAt Bassheads 100 C Wired Earphones, and I‚Äôm quite happy with its performance for the price. The Type-C jack is very convenient for my phone, and the sound quality, especially the clear vocals, is impressive for casual listening. The earphones are lightweight and come with simple in-line controls, making it easy to manage calls and music. While the bass isn‚Äôt as powerful as I expected, it‚Äôs still decent for regular use. The build quality could be better, but overall, these earphones are a great budget-friendly option for anyone looking for basic functionality and good sound."
"ZEBRONICS Zeb-Bro in Ear Wired Earphones with Mic, 3.5mm Audio Jack, 10mm Drivers, Phone/Tablet Compatible(Blue) (Green)",159,399.00,60,3.5,56179,In stock,https://www.amazon.in/ZEBRONICS-Zeb-Bro-Earphones-Compatible-Green/dp/B09R24JBYV/ref=sr_1_2?crid=23H19CC51YB96&dib=eyJ2IjoiMSJ9.HJAFnU3SJw9bn5ayGoOABykwnRqwV5UWaoC0Q4CwKIJH9F9VcRW-QdN_bhlzxwv4ve4tZ4G1zQSU44nEDjFuRO9MePXZRwbi7h3G7fsQRmM7PE6xdG0sq3vpxy5ceyEsIzuY2NbpYsuWAZtv4UraXqrBzMFbSdeEzzcbf7JFWs2sVMXEYiMK8GgYd3TCcLEKPFy69BP2VNR7Et2yYa_dTaJgcxhl6N4kmxTArBUto0w._gMvO5k5W66g1asQK5xNhBO6hcDNLtL5ZOxA0_eHOa0&dib_tag=se&keywords=earphones&qid=1738079175&sr=8-2,2025-01-28 15:46:27,"The **ZEBRONICS Zeb-Bro in-ear wired earphones** are a fantastic find! üéß For such an affordable price, the **sound quality** is truly impressive. The **10mm drivers** deliver clear audio with balanced bass, making music, podcasts, and calls a pleasure. Whether I‚Äôm listening to soft melodies or bass-heavy tracks, the sound is crisp and immersive. üéµThe **in-built mic** is a great addition, ensuring clear communication during calls without any issues. I‚Äôve used these earphones for both meetings and casual conversations, and the performance is flawless.The **3.5mm audio jack** offers wide compatibility, and it works perfectly with my phone, laptop, and tablet. Plus, the **comfort** of the earbuds is worth mentioning ‚Äì they fit snugly without causing any discomfort, even during extended use.What I love the most is how **lightweight and durable** these earphones are. The cable is of decent length and doesn't tangle easily, which is a huge bonus. For such a budget-friendly price, ZEBRONICS has nailed it with both quality and performance!If you‚Äôre looking for **reliable, everyday earphones** that offer great sound at an affordable price, the Zeb-Bro is an excellent choice.**Five stars ‚Äì Highly recommended!** üåü"
"JBL C100SI Wired In Ear Headphones with Mic, JBL Pure Bass Sound, One Button Multi-function Remote, Premium Metallic Finish, Angled Buds for Comfort fit (Black)",599,1299.00,54,4.1,197195,In stock,https://www.amazon.in/JBL-C100SI-Ear-Headphones-Black/dp/B01DEWVZ2C/ref=sr_1_3?crid=23H19CC51YB96&dib=eyJ2IjoiMSJ9.HJAFnU3SJw9bn5ayGoOABykwnRqwV5UWaoC0Q4CwKIJH9F9VcRW-QdN_bhlzxwv4ve4tZ4G1zQSU44nEDjFuRO9MePXZRwbi7h3G7fsQRmM7PE6xdG0sq3vpxy5ceyEsIzuY2NbpYsuWAZtv4UraXqrBzMFbSdeEzzcbf7JFWs2sVMXEYiMK8GgYd3TCcLEKPFy69BP2VNR7Et2yYa_dTaJgcxhl6N4kmxTArBUto0w._gMvO5k5W66g1asQK5xNhBO6hcDNLtL5ZOxA0_eHOa0&dib_tag=se&keywords=earphones&qid=1738079175&sr=8-3,2025-01-28 15:46:32,really good quality of music. comfortable design. Good for this price range
"Noise Buds VS104 Truly Wireless Earbuds with 45H of Playtime, Quad Mic with ENC, Instacharge(10 min=200 min), 13mm Driver,Low Latency, BT v5.2 (Mint Green)",899,3499.00,74,3.8,6964,In stock,https://aax-eu.amazon.in/x/c/JD6Fzrwo8SnQ1epV6pcKXqQAAAGUrZeDQwMAAAH2AQBvbm9fdHhuX2JpZDMgICBvbm9fdHhuX2ltcDIgICAFnptZ/clv1_CEuOPUxokZA0iHrVYuAd5Dz7QmBYXpYL6pM37DiV7-5t4X9W-kHcX_w18HHz9hvVjq0yzpNb3X7OfU30A3tGAHhEKQqTBun_P39TYnFoT0S5EZ5VxYgc6JJGZxuDym4Lsub01JYSHgvXMTKTc91-7bRgf9r5sGv0apEJRNp_WgnNl6TP0wh_BQz6aM-zd6E0RmwRasCZ0dZURXZyPcNaI_wKlsWyldAlcVLYNr4z2RUBu58tmrakA0Elg0fgnh1cH3rhcPHT-QZjz1BfZo4-Rj2ERXSojQDWf8eSyI6oYLRuBU24w6KAziyvUE_5Ao2vHZ1qNo8SP6nzmLbJIduqAux2-f9rTmFnbcBzur0E_rdIYhwdrjl2wBGkJePj/https://www.amazon.in/Noise-Bluetooth-Wireless-30-Hours-Instacharge/dp/B09Y5MK1KB/ref=sxin_15_sbv_search_btf?content-id=amzn1.sym.288d7cd9-bdfb-4778-882a-c15de0f76151%3Aamzn1.sym.288d7cd9-bdfb-4778-882a-c15de0f76151&crid=23H19CC51YB96&cv_ct_cx=earphones&keywords=earphones&pd_rd_i=B09Y5MK1KB&pd_rd_r=9707d994-6f8f-47d9-9e9c-fb68e7103a1a&pd_rd_w=NUMOj&pd_rd_wg=V22Qg&pf_rd_p=288d7cd9-bdfb-4778-882a-c15de0f76151&pf_rd_r=7SCEDKFND56XTBMVMH30&qid=1738079175&sbo=RZvfv%2F%2FHxDF%2BO5021pAnSA%3D%3D&sr=1-1-9131241a-a358-4619-a7b8-0f5a65d91d81,2025-01-28 15:46:38,"This buds come as value for money product,it has also nice drive,with good sound quality,very comfortable in ears,also good design, charging speed is good, good function easy to use"
"Noise Buds VS104 Truly Wireless Earbuds with 45H of Playtime, Quad Mic with ENC, Instacharge(10 min=200 min), 13mm Driver,Low Latency, BT v5.2 (Mint Green)",899,3499.00,74,3.8,6964,In stock,https://aax-eu.amazon.in/x/c/JD6Fzrwo8SnQ1epV6pcKXqQAAAGUrZeDQwMAAAH2AQBvbm9fdHhuX2JpZDMgICBvbm9fdHhuX2ltcDIgICAFnptZ/clv1_CEuOPUxokZA0iHrVYuAd5Dz7QmBYXpYL6pM37DiV7-5t4X9W-kHcX_w18HHz9hvVjq0yzpNb3X7OfU30A3tGAHhEKQqTBun_P39TYnFoT0S5EZ5VxYgc6JJGZxuDym4Lsub01JYSHgvXMTKTc91-7bRgf9r5sGv0apEJRNp_WgnNl6TP0wh_BQz6aM-zd6E0RmwRasCZ0dZURXZyPcNaI_wKlsWyldAlcVLYNr4z2RUBu58tmrakA0Elg0fgnh1cH3rhcPHT-QZjz1BfZo4-Rj2ERXSojQDWf8eSyI6oYLRuBU24w6KAziyvUE_5Ao2vHZ1qNo8SP6nzmLbJIduqAux2-f9rTmFnbcBzur0E_rdIYhwdrjl2wBGkJePj/https://www.amazon.in/Noise-Bluetooth-Wireless-30-Hours-Instacharge/dp/B09Y5MK1KB/ref=sxin_15_sbv_search_btf?content-id=amzn1.sym.288d7cd9-bdfb-4778-882a-c15de0f76151%3Aamzn1.sym.288d7cd9-bdfb-4778-882a-c15de0f76151&crid=23H19CC51YB96&cv_ct_cx=earphones&keywords=earphones&pd_rd_i=B09Y5MK1KB&pd_rd_r=9707d994-6f8f-47d9-9e9c-fb68e7103a1a&pd_rd_w=NUMOj&pd_rd_wg=V22Qg&pf_rd_p=288d7cd9-bdfb-4778-882a-c15de0f76151&pf_rd_r=7SCEDKFND56XTBMVMH30&qid=1738079175&sbo=RZvfv%2F%2FHxDF%2BO5021pAnSA%3D%3D&sr=1-1-9131241a-a358-4619-a7b8-0f5a65d91d81,2025-01-28 15:46:44,"This buds come as value for money product,it has also nice drive,with good sound quality,very comfortable in ears,also good design, charging speed is good, good function easy to use"
boAt bassheads 105 Wired in Ear Earphones with Mic (Green),399,999.00,60,4.0,37401,In stock,https://www.amazon.in/boAt-Bassheads-105-Headset-Iguana/dp/B08YYSX5XX/ref=sr_1_4?crid=23H19CC51YB96&dib=eyJ2IjoiMSJ9.HJAFnU3SJw9bn5ayGoOABykwnRqwV5UWaoC0Q4CwKIJH9F9VcRW-QdN_bhlzxwv4ve4tZ4G1zQSU44nEDjFuRO9MePXZRwbi7h3G7fsQRmM7PE6xdG0sq3vpxy5ceyEsIzuY2NbpYsuWAZtv4UraXqrBzMFbSdeEzzcbf7JFWs2sVMXEYiMK8GgYd3TCcLEKPFy69BP2VNR7Et2yYa_dTaJgcxhl6N4kmxTArBUto0w._gMvO5k5W66g1asQK5xNhBO6hcDNLtL5ZOxA0_eHOa0&dib_tag=se&keywords=earphones&qid=1738079175&sr=8-4,2025-01-28 15:46:50,You don't have to charge them again & again that's why I bought them the quality is really nice looks good in this color sound is very clear light weight durability is good .
"Ambrane Wired in Earphones with in-line Mic for Clear Calling, 14mm Dynamic Drivers for BoostedBass‚Ñ¢, 3.5mm Jack, Multi-Functional Controller (Stringz 38 Lite, Black)",179,449.00,60,3.8,4691,In stock,https://www.amazon.in/Ambrane-BoostedBassTM-Multi-Functional-Stringz-Lite/dp/B0BM3DNBS8/ref=sr_1_5?crid=23H19CC51YB96&dib=eyJ2IjoiMSJ9.HJAFnU3SJw9bn5ayGoOABykwnRqwV5UWaoC0Q4CwKIJH9F9VcRW-QdN_bhlzxwv4ve4tZ4G1zQSU44nEDjFuRO9MePXZRwbi7h3G7fsQRmM7PE6xdG0sq3vpxy5ceyEsIzuY2NbpYsuWAZtv4UraXqrBzMFbSdeEzzcbf7JFWs2sVMXEYiMK8GgYd3TCcLEKPFy69BP2VNR7Et2yYa_dTaJgcxhl6N4kmxTArBUto0w._gMvO5k5W66g1asQK5xNhBO6hcDNLtL5ZOxA0_eHOa0&dib_tag=se&keywords=earphones&qid=1738079175&sr=8-5,2025-01-28 15:46:55,The picture doesn‚Äôt do justice to the beautiful color of the earphones.The wire and headphones are of good quality and just as shown in the picture. Reasonably priced as well. It has a good level of noise cancellation and enhances the listening experience.
"ZEBRONICS Zeb-Bro in Ear Wired Earphones with Mic, 3.5mm Audio Jack, 10mm Drivers, Phone/Tablet Compatible(Blue) (Black)",159,299.00,47,3.5,56179,In stock,https://www.amazon.in/Zebronics-Zeb-Bro-Wired-Earphone/dp/B07T5DKR5D/ref=sr_1_6?crid=23H19CC51YB96&dib=eyJ2IjoiMSJ9.HJAFnU3SJw9bn5ayGoOABykwnRqwV5UWaoC0Q4CwKIJH9F9VcRW-QdN_bhlzxwv4ve4tZ4G1zQSU44nEDjFuRO9MePXZRwbi7h3G7fsQRmM7PE6xdG0sq3vpxy5ceyEsIzuY2NbpYsuWAZtv4UraXqrBzMFbSdeEzzcbf7JFWs2sVMXEYiMK8GgYd3TCcLEKPFy69BP2VNR7Et2yYa_dTaJgcxhl6N4kmxTArBUto0w._gMvO5k5W66g1asQK5xNhBO6hcDNLtL5ZOxA0_eHOa0&dib_tag=se&keywords=earphones&qid=1738079175&sr=8-6,2025-01-28 15:47:01,"The **ZEBRONICS Zeb-Bro in-ear wired earphones** are a fantastic find! üéß For such an affordable price, the **sound quality** is truly impressive. The **10mm drivers** deliver clear audio with balanced bass, making music, podcasts, and calls a pleasure. Whether I‚Äôm listening to soft melodies or bass-heavy tracks, the sound is crisp and immersive. üéµThe **in-built mic** is a great addition, ensuring clear communication during calls without any issues. I‚Äôve used these earphones for both meetings and casual conversations, and the performance is flawless.The **3.5mm audio jack** offers wide compatibility, and it works perfectly with my phone, laptop, and tablet. Plus, the **comfort** of the earbuds is worth mentioning ‚Äì they fit snugly without causing any discomfort, even during extended use.What I love the most is how **lightweight and durable** these earphones are. The cable is of decent length and doesn't tangle easily, which is a huge bonus. For such a budget-friendly price, ZEBRONICS has nailed it with both quality and performance!If you‚Äôre looking for **reliable, everyday earphones** that offer great sound at an affordable price, the Zeb-Bro is an excellent choice.**Five stars ‚Äì Highly recommended!** üåü"
"boAt Rockerz 255 Touch in Ear Neckband with Full Touch Controls, Spatial Audio, Up to 30H Playtime, ASAP Charge, Beast Mode, Enx Technology(Teal Green)",949,4990.00,81,4.0,207495,In stock,https://www.amazon.in/boAt-Rockerz-255-Touch-Technology/dp/B0BZ89R65G/ref=sr_1_7?crid=23H19CC51YB96&dib=eyJ2IjoiMSJ9.HJAFnU3SJw9bn5ayGoOABykwnRqwV5UWaoC0Q4CwKIJH9F9VcRW-QdN_bhlzxwv4ve4tZ4G1zQSU44nEDjFuRO9MePXZRwbi7h3G7fsQRmM7PE6xdG0sq3vpxy5ceyEsIzuY2NbpYsuWAZtv4UraXqrBzMFbSdeEzzcbf7JFWs2sVMXEYiMK8GgYd3TCcLEKPFy69BP2VNR7Et2yYa_dTaJgcxhl6N4kmxTArBUto0w._gMvO5k5W66g1asQK5xNhBO6hcDNLtL5ZOxA0_eHOa0&dib_tag=se&keywords=earphones&qid=1738079175&sr=8-7,2025-01-28 15:47:06,"I am an earphone addict. I think I am eligible to write this review. I received it on 21 October and today is 29 October and the battery is still at 50%. I know it's crazyyyyyzzyy. I regret why I didn't bought it sooner. Doesn't have heavenly sound like 50k headphones but it's has Nuclear generated Battery. which you will need to charge only 4to5 times a month.Bike rideIt's not ideal for bike riding, it's for indoor use, alot of wind noise when riding, but no wind noise when plugged inside the helmet, additionally it makes alot of noise when you touch the earphone wire, the noise is not from the speaker btwbatteryBattery is great, no question about it. It's been 8 day's, I use it everyday and carry it everywhere and still it has 50% battery. after 8 days continuous used.Sound loudnessThe sound is loud I Don't recommend anyone to use it more than 80% level unless you want to lose your hearing within a year. 40% sound level satisfy me. It's too loud. If you put it more than 80% it's too dangerous for the eardrum.lastingI Don't expect to last it more than 1 year, like every boat earphone i have bought previously. ( they can last only 1 year maximum which is kind of disappointing.)  it's like boat earphone are built to last exactly 1 years. which makes you buy again and again. Which of course  makes sense. if they build a earphone that last forever. they won't be able to sell their newly launched product anymore.lookit looks good when you put it around the neck without listening. but when you put it in your ear it doesn't look cool ( around public) if you want to look cool this is not the right choice for you üòÅCan connect 2 blutooth device at the same timeBut the problem is, it can't recognise which is yours and which isn't, so when someone near you turn on their bluetooth, it will directly connect to it. which is kind of a minor problem. but i suppose boat apps can fixed it.sound qualitysound quality is kind of in the middle, I Don't have complains, but it's far better than 500 rs wired earphone IMO. the bass has high beat sound. mids and treble are perfect for me, bass is too much for me, IDK About your opinion.Noise block (ANC)If you play music to 30-40% sound level, you won't hear anyone talking near you. but if you Don't play any music, the noise level is blocked around 10% i would say. Considering this doesn't have any ANC it's great.i will update after 1,2,3 months used."
"boAt Airdopes 91 Prime, 45HRS Battery, 13mm Drivers, Metallic Finish, Low Latency,ENx Tech, Fast Charge, v5.3 Bluetooth TWS in Ear Earbuds Wireless Earphones with mic (Midnight Black)",799,3990.00,80,3.2,417,In stock,https://www.amazon.in/boAt-Airdopes-91-Prime-Bluetooth/dp/B0DPWL48Z5/ref=sr_1_8?crid=23H19CC51YB96&dib=eyJ2IjoiMSJ9.HJAFnU3SJw9bn5ayGoOABykwnRqwV5UWaoC0Q4CwKIJH9F9VcRW-QdN_bhlzxwv4ve4tZ4G1zQSU44nEDjFuRO9MePXZRwbi7h3G7fsQRmM7PE6xdG0sq3vpxy5ceyEsIzuY2NbpYsuWAZtv4UraXqrBzMFbSdeEzzcbf7JFWs2sVMXEYiMK8GgYd3TCcLEKPFy69BP2VNR7Et2yYa_dTaJgcxhl6N4kmxTArBUto0w._gMvO5k5W66g1asQK5xNhBO6hcDNLtL5ZOxA0_eHOa0&dib_tag=se&keywords=earphones&qid=1738079175&sr=8-8,2025-01-28 15:47:11,This product is very amazing ...sound quality of this product is very amazing...these earpods changes it sound according to beat of the song ...these earpods charge in a very short period of time and we can use it consistently for a long period ..these are are very easy to carry and fit in very small space ..this product is very useful  I am using this product from a long period of time and I loved this product ...the colour of earpods are very cool inlooking and these earpods are available in two different shades both are very cool ...these earpods connect to two different devices at the same time ..and two people use it at the same time ....no background voice is audible while using this product ......on a call voice is very clear and the next one listen your voice very clearly and no background voice is audible to other ....this product is worth of money ...it is one time investment and lifetime useful....and best gift for gifting it to your loved one ...one more benifit is this that it come with a lead so you don't need any extra charger for this
"Portronics Conch Theta C in Ear Type C Wired Earphones with in Line HD Mic, Powerful Audio, 14.2mm Driver, Unique Earbuds Design, TPE Anti Tangle Wire, in line Controls, Wide Compatibility(White)",259,799.00,68,4.1,546,In stock,https://www.amazon.in/Portronics-Earphones-Powerful-Controls-Compatibility/dp/B0DDHM6D3L/ref=sr_1_9?crid=23H19CC51YB96&dib=eyJ2IjoiMSJ9.HJAFnU3SJw9bn5ayGoOABykwnRqwV5UWaoC0Q4CwKIJH9F9VcRW-QdN_bhlzxwv4ve4tZ4G1zQSU44nEDjFuRO9MePXZRwbi7h3G7fsQRmM7PE6xdG0sq3vpxy5ceyEsIzuY2NbpYsuWAZtv4UraXqrBzMFbSdeEzzcbf7JFWs2sVMXEYiMK8GgYd3TCcLEKPFy69BP2VNR7Et2yYa_dTaJgcxhl6N4kmxTArBUto0w._gMvO5k5W66g1asQK5xNhBO6hcDNLtL5ZOxA0_eHOa0&dib_tag=se&keywords=earphones&qid=1738079175&sr=8-9,2025-01-28 15:47:17,Value for money. Balanced audio
boAt Bassheads 242 in Ear Wired Earphones with Mic(Active Black),449,1490.00,70,4.1,175779,In stock,https://www.amazon.in/Boat-Bassheads-242-Earphones-Resistance/dp/B07S9S86BF/ref=sr_1_10?crid=23H19CC51YB96&dib=eyJ2IjoiMSJ9.HJAFnU3SJw9bn5ayGoOABykwnRqwV5UWaoC0Q4CwKIJH9F9VcRW-QdN_bhlzxwv4ve4tZ4G1zQSU44nEDjFuRO9MePXZRwbi7h3G7fsQRmM7PE6xdG0sq3vpxy5ceyEsIzuY2NbpYsuWAZtv4UraXqrBzMFbSdeEzzcbf7JFWs2sVMXEYiMK8GgYd3TCcLEKPFy69BP2VNR7Et2yYa_dTaJgcxhl6N4kmxTArBUto0w._gMvO5k5W66g1asQK5xNhBO6hcDNLtL5ZOxA0_eHOa0&dib_tag=se&keywords=earphones&qid=1738079175&sr=8-10,2025-01-28 15:47:22,"Well ,this earphone was heck of a beast . I used it for about 2 - 3 years and it worked very well for all these years . It offers a high quality sound, fits perfectly to the ear , doesn't fall off the ear , the wires don't get intangled easily, and the main thing is that , this earphone is very much durable , like very very , I literally used it for 2-3 years .And this is the first time in my life that, a earphone kept on working for this much time . Usually , I had to buy 1-2 earphones in a year , but this earphone saved me so much money.I would highly recommend you to buy this earphone . As it would be worth the cost ."
boAt Bassheads 152 in Ear Wired Earphones with Mic(Active Black),499,1299.00,62,4.1,77873,In stock,https://www.amazon.in/BassHeads-152-ToneSecure-Braided-Earphones/dp/B07KY3FNQP/ref=sr_1_11?crid=23H19CC51YB96&dib=eyJ2IjoiMSJ9.HJAFnU3SJw9bn5ayGoOABykwnRqwV5UWaoC0Q4CwKIJH9F9VcRW-QdN_bhlzxwv4ve4tZ4G1zQSU44nEDjFuRO9MePXZRwbi7h3G7fsQRmM7PE6xdG0sq3vpxy5ceyEsIzuY2NbpYsuWAZtv4UraXqrBzMFbSdeEzzcbf7JFWs2sVMXEYiMK8GgYd3TCcLEKPFy69BP2VNR7Et2yYa_dTaJgcxhl6N4kmxTArBUto0w._gMvO5k5W66g1asQK5xNhBO6hcDNLtL5ZOxA0_eHOa0&dib_tag=se&keywords=earphones&qid=1738079175&sr=8-11,2025-01-28 15:47:27,"I would like to start by saying I'm not an audiophile, therefore my review will be less about the audio quality of the product and more about the over all experience regarding the product. First off, this is my second time buying the product and you guessed it, it's good enough that I will buy it a third time if need be!Upon unboxing we are greeted by the presence of 3 pair of extra ear buds . There is also a pair of ear fins in the packet containing the extra ear buds, these ear fins are used to keep the ear buds snugly in your ears during strenuous periods of use where there is a chance of lots of movement. More on this later.Coming to the ear phones itself, it's among the very few ear phones that genuinely feels premium in hand. It is very durable, specially the plug part that connects to your phone, many a time my ear phones stop working because the plug part malfunctions and causes problems in the functioning of the ear phones. This is not the case with these.The wire itself is made of rubber/silicon. It feels good in hand and the only thing I can think of that could be improved here is to braid the wire but so far the wire hasn't showed any form of wear and tear common with most other ear phone wires. Another thing to emphasize is that the entire cable is flat through out, this genuinely decreases the number of instances where I find myself trying to untangle the wire. This is truly one of the best features of this pair of earphones.Remember I said something about the ear phones being made completely of metal? Well it continues to the mic and the left and right splitter. Both these pieces feel very premium because of the signature cold feeling of metal against skin. I don't know about you but attention to small details like this always brings smiles to my face. It is to be noted that the mic piece is a universal single button type and hence cannot control volume, personally this problem didn't affect me much but the might be potential buyers who might find this to be a deal breaker.Mic quality is subject to individual bias therefore I can tell you my personal experience. In my opinion I feel that the quality is average, it won't blow anyone's mind but it will deliver most of the time. A common complaint I heard from most of my callers that they find it difficult to hear me when there is a significant amount of back ground noise or wind rustling in to the mic, these are common issues even with ear phones price significantly higher than the boAt BassHeads 152Finally the most important part of the review, the sound quality of the ear phones. As I said earlier I won't be going into the technical details . I am a bass lover and that is what led me to buy this pair in the first place. In my opinion I found that the Bass is indeed good but not over powering for the average consumer like how the Extra bass versions of the Sony line up of earphones trend to be. The volume gets sufficiently high and more often than not I use it at less than half it's total volume when listening to music. The clarity of the boAt BassHeads 152 are above par and easily betters even ear phones in the 2000 INR price category this is one other reason why I love this pair so much. A point to remember, as the entire covering of the ear phones is made of metal it is significantly heavier than other ear phones. This becomes a double edged sword, on the one hand the metal makes the ear phones feel very premium but it also makes it significantly heavier than other earphones made of plastic. This causes it to easily fall out of your ears if the supplied fins are not used. The find unlike the ones find in let's say the newer Bose ear phones aren't as comfortable and can hurt your ears if used over a prolonged time.Last but not the least, there are multiple color variants of the boAt BassHeads 152 including red, black and blue. I found myself opting for the black variant both the times this may be a personal opinion but I find it to be the best of the three. That said I do see most corporate consumers opting for the black as it is a neutral color. This leaves out the red, for reasons unknown the red variant is sold at a lower rate on most sites perhaps due to shortage in sales, therefore if you are short on cash and just want a great pair of ear phones then grab these while they last.Pros:1) No metal build2) Excellent wire quality and trendy3) Durable4) Above average sound qualityCons:1) Metal build in the earphones trend to make them heavy and thus falls out of your ear easily2) Supplied Fins are uncomfortable to wear over a prolonged time3) Supplied Clip piece is removable and tends to get lost easilyI hope everyone who read this found it useful and can make an educated decision to buy or not to buy the BassHeads 220. All suggestions are welcome.Thanking you, Dwarakesh"
"ZEBRONICS Zeb-Bro in Ear Wired Earphones with Mic, 3.5mm Audio Jack, 10mm Drivers, Phone/Tablet Compatible(Blue)",159,399.00,60,3.5,56179,In stock,https://www.amazon.in/ZEBRONICS-Zeb-Bro-Earphones-Drivers-Compatible/dp/B09R24HMNW/ref=sr_1_12?crid=23H19CC51YB96&dib=eyJ2IjoiMSJ9.HJAFnU3SJw9bn5ayGoOABykwnRqwV5UWaoC0Q4CwKIJH9F9VcRW-QdN_bhlzxwv4ve4tZ4G1zQSU44nEDjFuRO9MePXZRwbi7h3G7fsQRmM7PE6xdG0sq3vpxy5ceyEsIzuY2NbpYsuWAZtv4UraXqrBzMFbSdeEzzcbf7JFWs2sVMXEYiMK8GgYd3TCcLEKPFy69BP2VNR7Et2yYa_dTaJgcxhl6N4kmxTArBUto0w._gMvO5k5W66g1asQK5xNhBO6hcDNLtL5ZOxA0_eHOa0&dib_tag=se&keywords=earphones&qid=1738079175&sr=8-12,2025-01-28 15:47:32,"The **ZEBRONICS Zeb-Bro in-ear wired earphones** are a fantastic find! üéß For such an affordable price, the **sound quality** is truly impressive. The **10mm drivers** deliver clear audio with balanced bass, making music, podcasts, and calls a pleasure. Whether I‚Äôm listening to soft melodies or bass-heavy tracks, the sound is crisp and immersive. üéµThe **in-built mic** is a great addition, ensuring clear communication during calls without any issues. I‚Äôve used these earphones for both meetings and casual conversations, and the performance is flawless.The **3.5mm audio jack** offers wide compatibility, and it works perfectly with my phone, laptop, and tablet. Plus, the **comfort** of the earbuds is worth mentioning ‚Äì they fit snugly without causing any discomfort, even during extended use.What I love the most is how **lightweight and durable** these earphones are. The cable is of decent length and doesn't tangle easily, which is a huge bonus. For such a budget-friendly price, ZEBRONICS has nailed it with both quality and performance!If you‚Äôre looking for **reliable, everyday earphones** that offer great sound at an affordable price, the Zeb-Bro is an excellent choice.**Five stars ‚Äì Highly recommended!** üåü"
"boAt Bassheads 100 C Wired Earphones with Type-C Jack, in-Line Microphone, in Ear, 10Mm Drivers, Signature Sound, Integrated Controls & Multi-Os Compatibility(Black)",499,1990.00,75,4.1,413859,In stock,https://www.amazon.in/boAt-Bassheads-100-Microphone-Compatibility/dp/B0D7PXB3SH/ref=sr_1_13?crid=23H19CC51YB96&dib=eyJ2IjoiMSJ9.HJAFnU3SJw9bn5ayGoOABykwnRqwV5UWaoC0Q4CwKIJH9F9VcRW-QdN_bhlzxwv4ve4tZ4G1zQSU44nEDjFuRO9MePXZRwbi7h3G7fsQRmM7PE6xdG0sq3vpxy5ceyEsIzuY2NbpYsuWAZtv4UraXqrBzMFbSdeEzzcbf7JFWs2sVMXEYiMK8GgYd3TCcLEKPFy69BP2VNR7Et2yYa_dTaJgcxhl6N4kmxTArBUto0w._gMvO5k5W66g1asQK5xNhBO6hcDNLtL5ZOxA0_eHOa0&dib_tag=se&keywords=earphones&qid=1738079175&sr=8-13,2025-01-28 15:47:38,"I recently bought the boAt Bassheads 100 C Wired Earphones, and I‚Äôm quite happy with its performance for the price. The Type-C jack is very convenient for my phone, and the sound quality, especially the clear vocals, is impressive for casual listening. The earphones are lightweight and come with simple in-line controls, making it easy to manage calls and music. While the bass isn‚Äôt as powerful as I expected, it‚Äôs still decent for regular use. The build quality could be better, but overall, these earphones are a great budget-friendly option for anyone looking for basic functionality and good sound."
